{
    "accuracy": 0.5404858299595142,
    "F1_score": 0.046218487394957986,
    "ROC_AUC": 0.6504261454919349,
    "PR_AUC": 0.5977998637117787,
    "KS_score": 0.24876293297345925,
    "miss_percentage": 0.012,
    "num_valid": 988,
    "num_total": 1000
}