{
    "accuracy": 0.542,
    "F1_score": 0.6540785498489426,
    "ROC_AUC": 0.6121011663774822,
    "PR_AUC": 0.5427182513825131,
    "KS_score": 0.1826682089839985,
    "miss_percentage": 0.0,
    "num_valid": 1000,
    "num_total": 1000
}