{
    "accuracy": 0.585,
    "F1_score": 0.6650524616626311,
    "ROC_AUC": 0.6636503116766276,
    "PR_AUC": 0.6659156739178718,
    "KS_score": 0.2618886960992224,
    "miss_percentage": 0.0,
    "num_valid": 1000,
    "num_total": 1000
}