{
    "accuracy": 0.614,
    "F1_score": 0.6649305555555556,
    "ROC_AUC": 0.6677772154745839,
    "PR_AUC": 0.6409018609477493,
    "KS_score": 0.25745453377032324,
    "miss_percentage": 0.0,
    "num_valid": 1000,
    "num_total": 1000
}