{
    "accuracy": 0.564,
    "F1_score": 0.629881154499151,
    "ROC_AUC": 0.5873477764925132,
    "PR_AUC": 0.5369664558814897,
    "KS_score": 0.1555169976222608,
    "miss_percentage": 0.0,
    "num_valid": 1000,
    "num_total": 1000
}