{
    "accuracy": 0.9065986611412177,
    "F1_score": 0.7816149068322982,
    "ROC_AUC": 0.5607114085728064,
    "PR_AUC": 0.24211961076719113,
    "KS_score": 0.09746953913569478,
    "miss_percentage": 0.0006371455877668047,
    "num_valid": 9411,
    "num_total": 9417
}