{
    "accuracy": 0.786,
    "F1_score": 0.7958015267175572,
    "ROC_AUC": 0.870230463980464,
    "PR_AUC": 0.8315722004661771,
    "KS_score": 0.5956236745710429,
    "miss_percentage": 0.0,
    "num_valid": 1000,
    "num_total": 1000
}