{
    "accuracy": 0.806,
    "F1_score": 0.781038374717833,
    "ROC_AUC": 0.8420389917100444,
    "PR_AUC": 0.7863658085393826,
    "KS_score": 0.5277777777777778,
    "miss_percentage": 0.0,
    "num_valid": 1000,
    "num_total": 1000
}