{
    "accuracy": 0.852,
    "F1_score": 0.8455114822546973,
    "ROC_AUC": 0.9058845029239766,
    "PR_AUC": 0.8933220428867362,
    "KS_score": 0.738095238095238,
    "miss_percentage": 0.0,
    "num_valid": 1000,
    "num_total": 1000
}