{
    "accuracy": 0.838,
    "F1_score": 0.8187919463087249,
    "ROC_AUC": 0.8829465490649702,
    "PR_AUC": 0.8798645828328383,
    "KS_score": 0.6785874943769681,
    "miss_percentage": 0.0,
    "num_valid": 1000,
    "num_total": 1000
}