{
    "accuracy": 0.802,
    "F1_score": 0.777027027027027,
    "ROC_AUC": 0.8639768491742176,
    "PR_AUC": 0.8403452256429236,
    "KS_score": 0.6315146841462631,
    "miss_percentage": 0.0,
    "num_valid": 1000,
    "num_total": 1000
}