{
    "accuracy": 0.5802861685214626,
    "F1_score": 0.014925373134328358,
    "ROC_AUC": 0.7096888856757276,
    "PR_AUC": 0.6561020061379981,
    "KS_score": 0.3259430627851681,
    "miss_percentage": 0.371,
    "num_valid": 629,
    "num_total": 1000
}