{
    "accuracy": 0.583,
    "F1_score": 0.5875370919881305,
    "ROC_AUC": 0.6269419542445859,
    "PR_AUC": 0.5650188170989207,
    "KS_score": 0.20230062335325494,
    "miss_percentage": 0.0,
    "num_valid": 1000,
    "num_total": 1000
}