{
    "accuracy": 0.565,
    "F1_score": 0.3593519882179676,
    "ROC_AUC": 0.6210779352226721,
    "PR_AUC": 0.5704795773066926,
    "KS_score": 0.18997815050446631,
    "miss_percentage": 0.0,
    "num_valid": 1000,
    "num_total": 1000
}