{
    "accuracy": 0.615,
    "F1_score": 0.6153846153846154,
    "ROC_AUC": 0.6523299434483645,
    "PR_AUC": 0.5964628076087474,
    "KS_score": 0.2452605873658505,
    "miss_percentage": 0.0,
    "num_valid": 1000,
    "num_total": 1000
}