{
    "accuracy": 0.563,
    "F1_score": 0.4791418355184744,
    "ROC_AUC": 0.6130008514876937,
    "PR_AUC": 0.5601524565945137,
    "KS_score": 0.1881466486729645,
    "miss_percentage": 0.0,
    "num_valid": 1000,
    "num_total": 1000
}