{
    "accuracy": 0.435,
    "ROC_AUC": 0.45764262604907424,
    "PR_AUC": 0.4608357166750621,
    "F1_score": 0.10742496050552923,
    "KS_score": 0.1373246204113012,
    "num": 1000
}