{
    "accuracy": 0.617,
    "ROC_AUC": 0.6613472195528222,
    "PR_AUC": 0.6452599151944302,
    "F1_score": 0.6256109481915934,
    "KS_score": 0.268050483695304,
    "num": 1000
}