{
    "accuracy": 0.5419968304278923,
    "F1_score": 0.013651877133105802,
    "ROC_AUC": 0.7276871516432827,
    "PR_AUC": 0.7030151416007626,
    "KS_score": 0.34983022615157927,
    "miss_percentage": 0.369,
    "num_valid": 631,
    "num_total": 1000
}