{
    "accuracy": 0.544,
    "ROC_AUC": 0.645372861810494,
    "PR_AUC": 0.6300052925977083,
    "F1_score": 0.3770491803278688,
    "KS_score": 0.2406624383368569,
    "num": 1000
}