{
    "accuracy": 0.484,
    "ROC_AUC": 0.5306093439682235,
    "PR_AUC": 0.539411570165622,
    "F1_score": 0.0,
    "KS_score": 0.07231404958677684,
    "num": 1000
}