{
    "accuracy": 0.567,
    "ROC_AUC": 0.6453488372093023,
    "PR_AUC": 0.6213246658372032,
    "F1_score": 0.4982618771726535,
    "KS_score": 0.25272278813505034,
    "num": 1000
}