{
    "accuracy": 0.631,
    "ROC_AUC": 0.6687988500224229,
    "PR_AUC": 0.6488160594522895,
    "F1_score": 0.6482364156339371,
    "KS_score": 0.2794541610609264,
    "num": 1000
}